{
  "project_info": {
    "project_number": "781274428775",
    "firebase_url": "https://loginsignuptry-e2208.firebaseio.com",
    "project_id": "loginsignuptry-e2208",
    "storage_bucket": "loginsignuptry-e2208.appspot.com"
  },
  "client": [
    {
      "client_info": {
        "mobilesdk_app_id": "1:781274428775:android:bdcdea25029c0d9147abc2",
        "android_client_info": {
          "package_name": "com.xymbolic.login_signup_try"
        }
      },
      "oauth_client": [
        {
          "client_id": "781274428775-osthvas1dpqbd1kqdnrabbn2hnobcu21.apps.googleusercontent.com",
          "client_type": 1,
          "android_info": {
            "package_name": "com.xymbolic.login_signup_try",
            "certificate_hash": "5e1764f8741dc90670d7156b9a1432f927129398"
          }
        },
        {
          "client_id": "781274428775-m8gpfdidgq2mjgke85efo6j5sd1favmp.apps.googleusercontent.com",
          "client_type": 3
        }
      ],
      "api_key": [
        {
          "current_key": "AIzaSyBFiNpdpuenqz-MiTCcj5tTtx-bmYvhhIg"
        }
      ],
      "services": {
        "appinvite_service": {
          "other_platform_oauth_client": [
            {
              "client_id": "781274428775-m8gpfdidgq2mjgke85efo6j5sd1favmp.apps.googleusercontent.com",
              "client_type": 3
            }
          ]
        }
      }
    }
  ],
  "configuration_version": "1"
}